{
  "info": {
    "cutoff": 1500.0,
    "cutoff deviation": 0,
    "metagame": "gen4ubers",
    "number of battles": 2
  },
  "data": {
    "Latios": {
      "Abilities": { "levitate": 0.6281228015388021 },
      "Items": { "souldew": 0.6281228015388021 },
      "Raw count": 1,
      "Spreads": { "Timid:4/0/0/252/0/252": 0.6281228015388021 },
      "Checks and Counters": {},
      "Moves": {
        "recover": 0.6281228015388021,
        "thunderbolt": 0.6281228015388021,
        "dracometeor": 0.6281228015388021,
        "dragonpulse": 0.6281228015388021
      },
      "Teammates": {
        "Mewtwo": 0.31406140076940103,
        "Groudon": 0.43085367511560374,
        "Darkrai": 0.2335845486924054,
        "Rayquaza": 0.43085367511560374,
        "Kyogre": 0.2335845486924054
      }
    },
    "Jirachi": {
      "Abilities": { "serenegrace": 0.3718771984611979 },
      "Items": { "leftovers": 0.3718771984611979 },
      "Raw count": 1,
      "Spreads": { "Timid:0/0/0/252/0/252": 0.3718771984611979 },
      "Checks and Counters": {},
      "Moves": {
        "calmmind": 0.3718771984611979,
        "psychic": 0.3718771984611979,
        "thunderbolt": 0.3718771984611979
      },
      "Teammates": {
        "Breloom": 0.30273087280740063,
        "Rotom-Wash": 0.30273087280740063,
        "Gyarados": 0.30273087280740063,
        "Flygon": 0.30273087280740063,
        "Empoleon": 0.30273087280740063
      }
    },
    "Lugia": {
      "Abilities": { "pressure": 0.6281228015388021 },
      "Items": { "leftovers": 0.6281228015388021 },
      "Raw count": 1,
      "Spreads": { "Timid:252/0/64/0/0/192": 0.6281228015388021 },
      "Checks and Counters": {},
      "Moves": {
        "reflect": 0.6281228015388021,
        "toxic": 0.6281228015388021,
        "roost": 0.6281228015388021,
        "icebeam": 0.6281228015388021
      },
      "Teammates": {
        "Giratina-Origin": 0.43085367511560374,
        "Darkrai": 0.2335845486924054,
        "Deoxys-Speed": 0.43085367511560374,
        "Palkia": 0.43085367511560374,
        "Kyogre": 0.2335845486924054
      }
    },
    "Kyogre": {
      "Abilities": { "drizzle": 1.2562456030776041 },
      "Items": { "leftovers": 1.2562456030776041 },
      "Raw count": 2,
      "Spreads": {
        "Modest:240/0/244/0/0/24": 0.6281228015388021,
        "Serious:4/0/0/252/0/252": 0.6281228015388021
      },
      "Checks and Counters": {},
      "Moves": {
        "surf": 1.2562456030776041,
        "thunder": 0.6281228015388021,
        "icebeam": 0.6281228015388021,
        "rest": 0.6281228015388021,
        "sleeptalk": 0.6281228015388021,
        "calmmind": 0.6281228015388021,
        "waterspout": 0.6281228015388021
      },
      "Teammates": {
        "Latios": 0.2335845486924054,
        "Palkia": 0.2335845486924054,
        "Giratina-Origin": 0.2335845486924054,
        "Rayquaza": 0.2335845486924054,
        "Mewtwo": 0.0,
        "Groudon": 0.2335845486924054,
        "Lugia": 0.2335845486924054,
        "Darkrai": 0.4671690973848108,
        "Deoxys-Speed": 0.2335845486924054
      }
    },
    "Palkia": {
      "Abilities": { "pressure": 0.6281228015388021 },
      "Items": { "habanberry": 0.6281228015388021 },
      "Raw count": 1,
      "Spreads": { "Hasty:0/4/0/252/0/252": 0.6281228015388021 },
      "Checks and Counters": {},
      "Moves": {
        "surf": 0.6281228015388021,
        "fireblast": 0.6281228015388021,
        "aquatail": 0.6281228015388021,
        "spacialrend": 0.6281228015388021
      },
      "Teammates": {
        "Giratina-Origin": 0.43085367511560374,
        "Lugia": 0.43085367511560374,
        "Darkrai": 0.2335845486924054,
        "Deoxys-Speed": 0.43085367511560374,
        "Kyogre": 0.2335845486924054
      }
    },
    "Giratina-Origin": {
      "Abilities": { "levitate": 0.6281228015388021 },
      "Items": { "griseousorb": 0.6281228015388021 },
      "Raw count": 1,
      "Spreads": { "Modest:84/0/0/216/96/112": 0.6281228015388021 },
      "Checks and Counters": {},
      "Moves": {
        "aurasphere": 0.6281228015388021,
        "calmmind": 0.6281228015388021,
        "substitute": 0.6281228015388021,
        "dragonpulse": 0.6281228015388021
      },
      "Teammates": {
        "Darkrai": 0.2335845486924054,
        "Lugia": 0.43085367511560374,
        "Deoxys-Speed": 0.43085367511560374,
        "Palkia": 0.43085367511560374,
        "Kyogre": 0.2335845486924054
      }
    },
    "Breloom": {
      "Abilities": { "poisonheal": 0.3718771984611979 },
      "Items": { "toxicorb": 0.3718771984611979 },
      "Raw count": 1,
      "Spreads": { "Adamant:232/252/0/0/0/24": 0.3718771984611979 },
      "Checks and Counters": {},
      "Moves": {
        "focuspunch": 0.3718771984611979,
        "seedbomb": 0.3718771984611979,
        "spore": 0.3718771984611979,
        "substitute": 0.3718771984611979
      },
      "Teammates": {
        "Jirachi": 0.30273087280740063,
        "Rotom-Wash": 0.30273087280740063,
        "Gyarados": 0.30273087280740063,
        "Flygon": 0.30273087280740063,
        "Empoleon": 0.30273087280740063
      }
    },
    "Flygon": {
      "Abilities": { "levitate": 0.3718771984611979 },
      "Items": { "choiceband": 0.3718771984611979 },
      "Raw count": 1,
      "Spreads": { "Adamant:0/252/0/0/4/252": 0.3718771984611979 },
      "Checks and Counters": {},
      "Moves": {
        "outrage": 0.3718771984611979,
        "uturn": 0.3718771984611979,
        "earthquake": 0.3718771984611979,
        "stoneedge": 0.3718771984611979
      },
      "Teammates": {
        "Breloom": 0.30273087280740063,
        "Rotom-Wash": 0.30273087280740063,
        "Gyarados": 0.30273087280740063,
        "Jirachi": 0.30273087280740063,
        "Empoleon": 0.30273087280740063
      }
    },
    "Rayquaza": {
      "Abilities": { "airlock": 0.6281228015388021 },
      "Items": { "leftovers": 0.6281228015388021 },
      "Raw count": 1,
      "Spreads": { "Mild:252/4/0/252/0/0": 0.6281228015388021 },
      "Checks and Counters": {},
      "Moves": {
        "fireblast": 0.6281228015388021,
        "extremespeed": 0.6281228015388021,
        "dracometeor": 0.6281228015388021,
        "dragonpulse": 0.6281228015388021
      },
      "Teammates": {
        "Latios": 0.43085367511560374,
        "Groudon": 0.43085367511560374,
        "Mewtwo": 0.31406140076940103,
        "Darkrai": 0.2335845486924054,
        "Kyogre": 0.2335845486924054
      }
    },
    "Suicune": {
      "Abilities": { "pressure": 0.3718771984611979 },
      "Items": { "seaincense": 0.3718771984611979 },
      "Raw count": 1,
      "Spreads": { "Naive:84/120/92/32/124/56": 0.3718771984611979 },
      "Checks and Counters": {},
      "Moves": {
        "surf": 0.3718771984611979,
        "hydropump": 0.3718771984611979,
        "raindance": 0.3718771984611979,
        "icebeam": 0.3718771984611979
      },
      "Teammates": {
        "Moltres": 0.30273087280740063,
        "Nidoking": 0.30273087280740063,
        "Charizard": 0.30273087280740063,
        "Jolteon": 0.30273087280740063,
        "Mewtwo": 0.18593859923059894
      }
    },
    "Mewtwo": {
      "Abilities": { "pressure": 1.0 },
      "Items": {
        "leftovers": 0.6281228015388021,
        "kingsrock": 0.3718771984611979
      },
      "Raw count": 2,
      "Spreads": {
        "Timid:4/0/0/252/0/252": 0.6281228015388021,
        "Quiet:0/28/32/252/104/92": 0.3718771984611979
      },
      "Checks and Counters": {},
      "Moves": {
        "thunderbolt": 0.6281228015388021,
        "calmmind": 1.0,
        "psychic": 0.3718771984611979,
        "aurasphere": 0.6281228015388021,
        "icebeam": 0.6281228015388021,
        "recover": 0.3718771984611979,
        "swift": 0.3718771984611979
      },
      "Teammates": {
        "Latios": 0.3140614015388021,
        "Charizard": 0.1859385984611979,
        "Rayquaza": 0.3140614015388021,
        "Suicune": 0.1859385984611979,
        "Kyogre": 1.5388020857542983e-9,